kw,title,baidu_url,article_url
你好,你好_百度百科,http://www.baidu.com/link?url=35lBEKOdxeObpD8EsAoe6v6Ig7dx-Er3JWiRtMFCyH54BeiGBA46aeBByTdqCeT6U2kFjc-nO9yruN99VRcviz8X3m9TRVKlM8BLuQT0S03,https://baike.baidu.com/item/%E4%BD%A0%E5%A5%BD/32416?fr=aladdin
你好,hello girls(内地女子组合)_百度百科,http://www.baidu.com/link?url=0I2PP4855NEB3znR9DZOmz8ADrcx5Z9I_exMyd4UhtlyVRixsY7Y6KXSwUl-NhrqAdT9d5rA8ZxcOZuw4MegUa,https://baike.baidu.com/item/hello%20girls/20369415
你好,你好你好你好你好你好_百度知道,http://www.baidu.com/link?url=48iOjarPA2Fl6Y2voR-dSurfuwrALaILeO-XjFLea2wbldu2HXaPURtJiJU9Y0cVcKJX_1jX_vGC7PQwGs_4Dq,https://zhidao.baidu.com/question/507168352.html
你好,你好在线试听_高音质歌曲_网易云音乐,http://www.baidu.com/link?url=yzGRSgrm1xZW1zBG5so--9xwYEF8TebsfSAWegNddD3gxMqg2Dbm6FHzStfE00VWd0pbuORTo3off2Q6LJxiJC-HAQqzrnV1y_nfZKXewNo2s3-E0PbodCv94chqGiok,https://music.163.com/#/search/m/?s=%E4%BD%A0%E5%A5%BD&type=1&market=baiduqk
你好,你好邻居_全集高清视频在线观看_爱奇艺,http://www.baidu.com/link?url=cG7_yuff5ifB6JGr5i0LxkN35o-sry9DlPCVF1KU2JwxXgU38KGL0oLZb0h1N8kozNSHBgCFKq2tqjSdCosr-_,
你好,你好的最新相关信息,http://www.baidu.com/link?url=C1N4YHRh0p48VMKeOU4MXvVnx81u2PHxhUWKiWksefBnOyXplXVojMxfG4xslUuvkXFvB4s7CTKV5YBQoiC7J9PGYRntgqmdqqh3VHahCrHxa81FCvdLyroOyJ9CmAmF,https://www.baidu.com/s?tn=news&rtt=1&bsst=1&wd=%E4%BD%A0%E5%A5%BD&cl=2&origin=ps
你好,你好台湾网,http://www.baidu.com/link?url=WITV9_fK07rBuZzRfI1exQWC8kv3AeU1w5cf9Pooo58bK5nMaT9gNJ4h7WHibxp2,http://www.nihaotw.com/
你好,你好_视频大全_高清在线观看,/sf/vsearch?pd=video&tn=vsearch&lid=989655b8000dcf87&ie=utf-8&rsv_pq=989655b8000dcf87&wd=%E4%BD%A0%E5%A5%BD&rsv_spt=5&rsv_t=bdbeL4p%2BoxvD4zZOFBI222KuaoHmog3aU2WbOkaSB1sz%2FThfunnTOtVwqTM&rsv_bp=1&f=8,
你好,你好台灣網,http://www.baidu.com/link?url=_GF0BHHWcPCACf6CMWnHBSZ1IHJkDxDru3gRF5UU8JFEJSmY9DM_PswGRlfFWPz-,http://www.hellotw.com/
你好,你好疯子! (豆瓣) _豆瓣电影,http://www.baidu.com/link?url=fRDJ2M-gw7QtQtjZmJoJAfv0LA2QKXYHl7544t_ntdd29ikWD3Zo8-ulB46ioPdPfLoLBS6lPnpZTq-V3cUuz_,https://movie.douban.com/subject/26696879/
你好,你好英文怎么写_你好的英文怎么说_例句,http://www.baidu.com/link?url=aUSJxT5cBcb5J7sNAhDECtC121amx3G-gLgzhR1xwTiecAy6JnIb8ec_bPLXehr1i1fbOZZp34woPnlYEkXCna,https://www.hujiang.com/ciku/2603_83754176/
你好,你好nihao.com - 时间连接你我!,http://www.baidu.com/link?url=ic3XrfAX-9NoTwyQ--js2FG86V4N9AZhe3qYcI4DkDG,https://www.nihao.com/
你好,你好中国-全集在线观看-综艺-百度视频,http://www.baidu.com/link?url=o6Bk1-Y0-U8pIZlmMCBbGDyiyr83ljGBX_SknzBQfO8KQjtiu-eSPwYD_XzMQ5vc,http://v.baidu.com/show/17936.html
你好,你好再见 (豆瓣) _豆瓣电影,http://www.baidu.com/link?url=7tpsVPi5CIh892SqsDTfDyR_TPhASPEYFFU2XStc6T9TEhe66Ry3yLrBdA24jeHHJ02l7uDwk6qQA_dI9aO5NK,https://movie.douban.com/subject/2971730/
你好,《老婆你好!》月下蝶影_【原创小说|言情小说】_晋江文学城,http://www.baidu.com/link?url=mWPNIuPkP3UhsoM-UzFF8KamZZsdzQDPB8YMRchd7mo0y7mBVu9n_lAN1RjpDlVTqdseOonMX3svvIC-zoZuVK,http://www.jjwxc.net/onebook.php?novelid=1081853
你好,你好少将大人(寒武记)无弹窗全文阅读-全本小说网,http://www.baidu.com/link?url=BX9P0C_xmHEFmu7pzSHckbP01VKaAxOyFEPiLpPAMcL6mf5zB-BD6MVWwQoGRK3haPQu8UT1xq7m4hzhTPjpWK,https://www.qb5200.tw/xiaoshuo/23/23663/
你好,出国留学出国旅游_你好网_最全面、精准、实…,http://www.baidu.com/link?url=Mwny8ZLq6B2ENMt079W1ckeq8VhLGk4t2lbvONRrHt2aqNtBhwoZ-YYtMQrxKOHF,http://www.nihaowang.com/
你好,你好再见Ciao(2008)_1905电影网,http://www.baidu.com/link?url=n45I25b1ldkgLjfPM7JSrTpM71ychzZmZbwnvMZOMz_02Npqi0YBezXhXmHx2x0p,https://www.1905.com/mdb/film/1916646/
你好,你好!筋肉女|官方在线漫画全集-快看漫画,http://www.baidu.com/link?url=6_bI_-JRbJRpntb5s0tfvtRP7zLcicpWlDEA2nMjnXxTis-uz53kkfqmxQQ2tL_ZWGXZhxQya2ZwyfVKhlR1cq,https://www.kuaikanmanhua.com/web/topic/554/
你好,你好忧愁 (豆瓣),http://www.baidu.com/link?url=vVDs3OO9zULiWOfRYsPDcufc-sqngIB0Rd3AocHTQuCfCYBrpL9o5TFYdqr8S38S4DxvSLbZTLZxCpWKCl11T_,https://book.douban.com/subject/1455933/
你好,hello_百度百科,http://www.baidu.com/link?url=I_XmaZIayWaUfezDAeYAF6InycGJJtdsvoGH09NLvQxVFqUeqPXdAOkLSW8Az83jj8PKBoiFCqN8f_cmZEEhs_,https://baike.baidu.com/item/hello/18757954?fr=aladdin
你好,你好陌生人 (豆瓣) _豆瓣电影,http://www.baidu.com/link?url=QnH83UMUxY0KUMnHTOMWwwmbSxVzX1vblVJbbpVLqYPc-QMO3_irpRbW8hbO7oVvfJq44Vk6dFvusLvWps0ywa,https://movie.douban.com/subject/4903613/
你好,你好(豆瓣) _豆瓣电影,http://www.baidu.com/link?url=CMCQWcOvaib0HQRc7DoJKxKpagYaqSg4BwU35_2WmlEopDE0XYl-Mn52TF7WarBtcbHrISzrnjqTJaYowJmCHq,https://movie.douban.com/subject/2151973/
你好,谢谢!你好! - 3-7岁舞蹈音乐mp3下载 - 【宝宝吧】舞蹈律动,http://www.baidu.com/link?url=vswG1tSmhV6Qtm9AAJBCkdOiuDC_AQ1WrC8TNgx9o2XaeXRLvbUr3kzbZAcfDfH5LvT58YfVsBiHSk_RYwD5Tq,http://www.baobao88.com/bbmusic/lvdong/03/2747757.html
你好,德语你好怎么说_沪江德语学习网,http://www.baidu.com/link?url=12se5eXNmRVORwGwNwQzs9JQ-UQQZRFaqEvO-16i3K7Ed_rF5XS5iji0dm4GmMfs,https://de.hujiang.com/new/p482663/
你好,你好图片_你好设计素材_红动网,http://www.baidu.com/link?url=JAjypKdIVj78BmQS0TAimdw8V8z_NFCsaX-V9YX-jQEt5TMW1JB0cotOG7xTANHdRgOnypNdFhgUYqmO-jDw0K,http://so.redocn.com/tupian/c4e3bac3.htm
你好,你好少将大人最新章节(寒武记)_你好少将大人无弹窗广告_平板...,http://www.baidu.com/link?url=UOt8WS63PHSX5caxxBX6Tlo7i4K2_TeoSTFaT4tGhqj3FX1tcWR9_tgksGB9pkhh,https://www.77nt.com/81922/
你好,你好周先生_你好周先生5200_你好周先生(夜蔓),http://www.baidu.com/link?url=FmwBp9PYzRJTG3Ec0H1Vl3KvEcKBGqt0TIUJkawY1Ip-o-1ic6JaoGHyT8KG3k6E,https://www.ggdown.com/53/53509/
你好,你好网络 - 汇集全网高质量源码资源、技术教程分享!,http://www.baidu.com/link?url=XuyrfJRCgz_5oo-pcNCnWEq9cRZT1hbevWNmXBkzWYUB5mu62UyE6yiVaZrW10qx,https://www.nihaowl.com/
你好,你好少将大人最新章节你好少将大人全文阅读-去看书网,http://www.baidu.com/link?url=e1V4wDzonrqHsc53lFqerFq81XEbXYQl4G_VwWb6sy9nz33baW0xAybYEvz_XtiM,https://www.qksw.com/41/41648/
